"Name","LastWriteTime"
"GenuinosLanding.jsx","21/03/2026 3:51:26 a.?m."
"CourseLanding.css","21/03/2026 3:50:54 a.?m."
"AdvancedAnalysisResult.jsx","21/03/2026 2:47:46 a.?m."
"FascinantesResult.jsx","19/03/2026 11:18:00 p.?m."
"CourseLanding.jsx","19/03/2026 7:23:53 p.?m."
"FascinantesResult.css","19/03/2026 12:13:36 p.?m."
"FascinantesTest.css","18/03/2026 10:47:50 a.?m."
"FascinantesTest.jsx","18/03/2026 10:47:44 a.?m."
"FascinantesIntro.css","17/03/2026 7:10:57 p.?m."
"FascinantesTransition.jsx","17/03/2026 2:57:04 p.?m."
"FascinantesIntro.jsx","17/03/2026 12:50:35 p.?m."
"Hub.jsx","17/03/2026 12:50:14 p.?m."
"Hub.css","16/03/2026 11:40:06 p.?m."
"MyResults.jsx","16/03/2026 7:08:01 p.?m."
"MyResults.css","16/03/2026 7:07:48 p.?m."
"Home.jsx","16/03/2026 7:07:20 p.?m."
"AdvancedLanding.jsx","15/03/2026 12:00:16 p.?m."
"AdvancedLanding.css","15/03/2026 11:56:52 a.?m."
"PaymentPage.jsx","15/03/2026 10:09:38 a.?m."
"AdvancedTransition.css","13/03/2026 6:14:29 p.?m."
"PaymentStyles.css","13/03/2026 6:07:43 p.?m."
"Admin.jsx","13/03/2026 5:48:46 p.?m."
"PaymentStatus.jsx","13/03/2026 3:52:15 p.?m."
"ResultVideoIntro.css","13/03/2026 12:21:00 p.?m."
"ResultVideoIntro.jsx","13/03/2026 12:20:47 p.?m."
"AdvancedTransition.jsx","13/03/2026 11:35:44 a.?m."
"Result.jsx","12/03/2026 12:58:58 p.?m."
"InitialTransition.jsx","12/03/2026 12:56:42 p.?m."
"AdvancedTest.css","11/03/2026 9:40:04 a.?m."
"AdvancedAnalysisResult.css","10/03/2026 6:42:56 p.?m."
"Admin.css","10/03/2026 6:24:19 p.?m."
"PaymentSuccess.jsx","10/03/2026 12:37:18 p.?m."
"Result.css","9/03/2026 9:27:50 p.?m."
"InitialTransition.css","9/03/2026 9:06:44 p.?m."
"AdvancedTest.jsx","9/03/2026 7:40:00 p.?m."
"PaymentSuccess.css","9/03/2026 7:04:38 p.?m."
"BasicTestIntro.css","9/03/2026 6:48:16 p.?m."
"BasicTestIntro.jsx","9/03/2026 6:45:34 p.?m."
"Test.jsx","6/03/2026 7:39:00 p.?m."
"AdvancedIntro.jsx","5/03/2026 5:18:08 p.?m."
"DetailedResult.jsx","5/03/2026 10:42:23 a.?m."
"AdvancedIntro.css","4/03/2026 10:27:15 a.?m."
"SingleEnneatypeResult.jsx","20/02/2026 3:08:44 p.?m."
"DetailedResult.css","19/02/2026 1:39:57 p.?m."
"SingleEnneatypeResult.css","16/02/2026 1:14:45 p.?m."
